"filename","url","tags"
"Jd_Amazonia_map_d1k1zb","https://res.cloudinary.com/dxlhv2mji/image/upload/v1739949013/Jd_Amazonia_map_d1k1zb.png","Mapa"
"video_tie_bicudo_jpqggz","https://res.cloudinary.com/dxlhv2mji/video/upload/v1739860438/video_tie_bicudo_jpqggz.mp4","Birdwatching,Manoel Ruedi"
"video_parauacu2_khrzuo","https://res.cloudinary.com/dxlhv2mji/video/upload/v1739860423/video_parauacu2_khrzuo.mp4","Primatas"
"video_parauacu_qdio4o","https://res.cloudinary.com/dxlhv2mji/video/upload/v1739860393/video_parauacu_qdio4o.mp4","Primatas"
"ICON_Jardim_Amazonia_ICON_ewbegs","https://res.cloudinary.com/dxlhv2mji/image/upload/v1739859318/ICON_Jardim_Amazonia_ICON_ewbegs.png","Logo,Media"
"old_logo_px6hs1","https://res.cloudinary.com/dxlhv2mji/image/upload/v1739859194/old_logo_px6hs1.png","Logo,Media"
"ICON_Jardim_Amazonia_MONO_aig95p","https://res.cloudinary.com/dxlhv2mji/image/upload/v1739859162/ICON_Jardim_Amazonia_MONO_aig95p.png","Logo,Media"
"Logo_Jardim_Amazonia_MONO_tfjrct","https://res.cloudinary.com/dxlhv2mji/image/upload/v1739859144/Logo_Jardim_Amazonia_MONO_tfjrct.png","Logo,Media"
"Logo_Jardim_Amazonia_FULL_si8vyk","https://res.cloudinary.com/dxlhv2mji/image/upload/v1739859136/Logo_Jardim_Amazonia_FULL_si8vyk.png","Logo,Media"
"parauacu_-_2013_-_jhonata_araujo_1_wzw3ku","https://res.cloudinary.com/dxlhv2mji/image/upload/v1739859117/parauacu_-_2013_-_jhonata_araujo_1_wzw3ku.jpg","Birdwatching,Jhonata Araujo,Primatas"
"ninho_beija_flor_by_MANOEL_RUEDI_117_t5izpv","https://res.cloudinary.com/dxlhv2mji/image/upload/v1739859083/ninho_beija_flor_by_MANOEL_RUEDI_117_t5izpv.jpg","Manoel Ruedi,Birdwatching"
"bangalo_externo_pjymah","https://res.cloudinary.com/dxlhv2mji/image/upload/v1739858899/bangalo_externo_pjymah.jpg","Bangalo Jardim"
"MANOEL_RUEDI_26_ijhdjx","https://res.cloudinary.com/dxlhv2mji/image/upload/v1739858885/MANOEL_RUEDI_26_ijhdjx.jpg","Manoel Ruedi,Safari Boat"
"MANOEL_RUEDI_11_qnke5s","https://res.cloudinary.com/dxlhv2mji/image/upload/v1739858875/MANOEL_RUEDI_11_qnke5s.jpg","Manoel Ruedi,Safari Boat"
"fotos_CAIO_GIMENEZ_14_tamkgp","https://res.cloudinary.com/dxlhv2mji/image/upload/v1739858865/fotos_CAIO_GIMENEZ_14_tamkgp.jpg","Caio Gimenez,Trilhas"
"fotos_CAIO_GIMENEZ_9_zmy748","https://res.cloudinary.com/dxlhv2mji/image/upload/v1739858856/fotos_CAIO_GIMENEZ_9_zmy748.jpg","Caio Gimenez,Birdwatching"
"doce_leite_queijo_eg8sll","https://res.cloudinary.com/dxlhv2mji/image/upload/v1739858846/doce_leite_queijo_eg8sll.jpg","Gastronomia,Cafe da Manha"
"MANOEL_RUEDI_5_cfqngq","https://res.cloudinary.com/dxlhv2mji/image/upload/v1739858837/MANOEL_RUEDI_5_cfqngq.jpg","Manoel Ruedi,Safari Boat"
"MANOEL_RUEDI_2_s8ufgy","https://res.cloudinary.com/dxlhv2mji/image/upload/v1739858812/MANOEL_RUEDI_2_s8ufgy.jpg","Manoel Ruedi,Birdwatching"
"fotos_CAIO_GIMENEZ_7_voywr2","https://res.cloudinary.com/dxlhv2mji/image/upload/v1739858784/fotos_CAIO_GIMENEZ_7_voywr2.jpg","Caio Gimenez,Birdwatching"
"convivencia_iiz9ta","https://res.cloudinary.com/dxlhv2mji/image/upload/v1739858725/convivencia_iiz9ta.jpg","Espaco Convivencia"
"favo_mel_kkda7i","https://res.cloudinary.com/dxlhv2mji/image/upload/v1739858663/favo_mel_kkda7i.jpg","Gastronomia,Chef"
"carmelita_xvyskv","https://res.cloudinary.com/dxlhv2mji/image/upload/v1739858645/carmelita_xvyskv.jpg","familia"
"almor_peixe_esxwq5","https://res.cloudinary.com/dxlhv2mji/image/upload/v1739858636/almor_peixe_esxwq5.jpg","familia"
"banana_pao_k0q5kh","https://res.cloudinary.com/dxlhv2mji/image/upload/v1739858626/banana_pao_k0q5kh.jpg","Gastronomia,Sobremesas"
"chef_cozinhando_rfoeqp","https://res.cloudinary.com/dxlhv2mji/image/upload/v1739858575/chef_cozinhando_rfoeqp.jpg","Gastronomia,Chef"
"chef_descontraido_vdjivu","https://res.cloudinary.com/dxlhv2mji/image/upload/v1739858565/chef_descontraido_vdjivu.jpg","Gastronomia,Chef"
"mamao_tiw3en","https://res.cloudinary.com/dxlhv2mji/image/upload/v1739858551/mamao_tiw3en.jpg","Gastronomia,Cafe da Manha"
"convivencia_mszyzh","https://res.cloudinary.com/dxlhv2mji/image/upload/v1739858538/convivencia_mszyzh.jpg","Espaco Convivencia"
"chef_almazonia_raqfqv","https://res.cloudinary.com/dxlhv2mji/image/upload/v1739858459/chef_almazonia_raqfqv.jpg","Almazonia,Gastronomia,Chef"
"pratos_eventos_kmvpv9","https://res.cloudinary.com/dxlhv2mji/image/upload/v1739858437/pratos_eventos_kmvpv9.jpg","Gastronomia"
"pitanga2_nfitun","https://res.cloudinary.com/dxlhv2mji/image/upload/v1739858404/pitanga2_nfitun.jpg","Gastronomia,Pratos Principais"
"pitanga_frbvmq","https://res.cloudinary.com/dxlhv2mji/image/upload/v1739858358/pitanga_frbvmq.jpg","Gastronomia,Pratos Principais"
"familia_bangalo_bjbw93","https://res.cloudinary.com/dxlhv2mji/image/upload/v1739858275/familia_bangalo_bjbw93.jpg","Bangalo Familia"
"7_fazenda_trcjwp","https://res.cloudinary.com/dxlhv2mji/image/upload/v1739858250/7_fazenda_trcjwp.jpg","Casa Fazenda"
"casa_fazenda_s1n8vm","https://res.cloudinary.com/dxlhv2mji/image/upload/v1739858240/casa_fazenda_s1n8vm.jpg","Casa Fazenda"
"parauacu_tsk80b","https://res.cloudinary.com/dxlhv2mji/image/upload/v1739857967/parauacu_tsk80b.jpg","Primatas"
"macaco-cara-preta_ilsz9z","https://res.cloudinary.com/dxlhv2mji/image/upload/v1739857960/macaco-cara-preta_ilsz9z.jpg","Primatas"
"zogue-zogue_1_o0mrje","https://res.cloudinary.com/dxlhv2mji/image/upload/v1739857952/zogue-zogue_1_o0mrje.jpg","Primatas"
"Jardim_da_Amazônia-3973_reeybs","https://res.cloudinary.com/dxlhv2mji/image/upload/v1739842558/Jardim_da_Amaz%C3%B4nia-3973_reeybs.jpg","Gastronomia,Marlon Erthal,Pratos Principais"
"Jardim_da_Amazônia-3968_b7twku","https://res.cloudinary.com/dxlhv2mji/image/upload/v1739842557/Jardim_da_Amaz%C3%B4nia-3968_b7twku.jpg","Gastronomia,Marlon Erthal,Pratos Principais"
"Jardim_da_Amazônia-3979_eupwqn","https://res.cloudinary.com/dxlhv2mji/image/upload/v1739842557/Jardim_da_Amaz%C3%B4nia-3979_eupwqn.jpg","Gastronomia,Marlon Erthal,Pratos Principais"
"Jardim_da_Amazônia-3889_kwvmek","https://res.cloudinary.com/dxlhv2mji/image/upload/v1739842555/Jardim_da_Amaz%C3%B4nia-3889_kwvmek.jpg","Marlon Erthal,Espaco Convivencia"
"Jardim_da_Amazônia-3951_xprm3b","https://res.cloudinary.com/dxlhv2mji/image/upload/v1739842554/Jardim_da_Amaz%C3%B4nia-3951_xprm3b.jpg","Marlon Erthal,Gastronomia"
"Jardim_da_Amazônia-3902_nimzuq","https://res.cloudinary.com/dxlhv2mji/image/upload/v1739842553/Jardim_da_Amaz%C3%B4nia-3902_nimzuq.jpg","Marlon Erthal,Espaco Convivencia"
"Jardim_da_Amazônia-3930_ehdgyr","https://res.cloudinary.com/dxlhv2mji/image/upload/v1739842552/Jardim_da_Amaz%C3%B4nia-3930_ehdgyr.jpg","Marlon Erthal,Gastronomia"
"Jardim_da_Amazônia-3906_g3tysn","https://res.cloudinary.com/dxlhv2mji/image/upload/v1739842551/Jardim_da_Amaz%C3%B4nia-3906_g3tysn.jpg","Marlon Erthal,Espaco Convivencia"
"Jardim_da_Amazônia-3868_wajqd7","https://res.cloudinary.com/dxlhv2mji/image/upload/v1739842499/Jardim_da_Amaz%C3%B4nia-3868_wajqd7.jpg","Marlon Erthal,Espaco Convivencia"
"Jardim_da_Amazônia-3866_fynvrf","https://res.cloudinary.com/dxlhv2mji/image/upload/v1739842498/Jardim_da_Amaz%C3%B4nia-3866_fynvrf.jpg","Marlon Erthal,Espaco Convivencia"
"Jardim_da_Amazônia-3857_zmcnxe","https://res.cloudinary.com/dxlhv2mji/image/upload/v1739842497/Jardim_da_Amaz%C3%B4nia-3857_zmcnxe.jpg","Marlon Erthal,Espaco Convivencia"
"Jardim_da_Amazônia-3860_lfxzu5","https://res.cloudinary.com/dxlhv2mji/image/upload/v1739842497/Jardim_da_Amaz%C3%B4nia-3860_lfxzu5.jpg","Marlon Erthal,Espaco Convivencia"
"Jardim_da_Amazônia-3851_hpelww","https://res.cloudinary.com/dxlhv2mji/image/upload/v1739842419/Jardim_da_Amaz%C3%B4nia-3851_hpelww.jpg","Marlon Erthal,Espaco Convivencia"
"Jardim_da_Amazônia-3829_hauhip","https://res.cloudinary.com/dxlhv2mji/image/upload/v1739842392/Jardim_da_Amaz%C3%B4nia-3829_hauhip.jpg","Marlon Erthal,Jardim e Lagoas"
"Jardim_da_Amazônia-3833_wmmlqx","https://res.cloudinary.com/dxlhv2mji/image/upload/v1739842391/Jardim_da_Amaz%C3%B4nia-3833_wmmlqx.jpg","Marlon Erthal,Jardim e Lagoas"
"Jardim_da_Amazônia-3848_w9t3g7","https://res.cloudinary.com/dxlhv2mji/image/upload/v1739842390/Jardim_da_Amaz%C3%B4nia-3848_w9t3g7.jpg","Marlon Erthal,Jardim e Lagoas"
"Jardim_da_Amazônia-3817_mbuicj","https://res.cloudinary.com/dxlhv2mji/image/upload/v1739842336/Jardim_da_Amaz%C3%B4nia-3817_mbuicj.jpg","Marlon Erthal,Jardim e Lagoas"
"Jardim_da_Amazônia-3806_tg99vp","https://res.cloudinary.com/dxlhv2mji/image/upload/v1739922227/Jardim_da_Amaz%C3%B4nia-3806_tg99vp.jpg","Jardim e Lagoas,Marlon Erthal"
"Jardim_da_Amazônia-3803_oronyh","https://res.cloudinary.com/dxlhv2mji/image/upload/v1739842335/Jardim_da_Amaz%C3%B4nia-3803_oronyh.jpg","Marlon Erthal,Jardim e Lagoas"
"Jardim_da_Amazônia-3815_tab8g7","https://res.cloudinary.com/dxlhv2mji/image/upload/v1739842335/Jardim_da_Amaz%C3%B4nia-3815_tab8g7.jpg","Marlon Erthal,Espaco Convivencia"
"Jardim_da_Amazônia-3773_c2beq5","https://res.cloudinary.com/dxlhv2mji/image/upload/v1739842237/Jardim_da_Amaz%C3%B4nia-3773_c2beq5.jpg","Bangalo Familia,Marlon Erthal"
"Jardim_da_Amazônia-3751_wmnb8x","https://res.cloudinary.com/dxlhv2mji/image/upload/v1739842228/Jardim_da_Amaz%C3%B4nia-3751_wmnb8x.jpg","Marlon Erthal,Casa da Mata"
"Jardim_da_Amazônia-3740_alyqg2","https://res.cloudinary.com/dxlhv2mji/image/upload/v1739842195/Jardim_da_Amaz%C3%B4nia-3740_alyqg2.jpg","Marlon Erthal,Casa da Mata"
"Jardim_da_Amazônia-3731_qtmjco","https://res.cloudinary.com/dxlhv2mji/image/upload/v1739842147/Jardim_da_Amaz%C3%B4nia-3731_qtmjco.jpg","Marlon Erthal,Casa da Mata"
"Jardim_da_Amazônia-3707_rt8aww","https://res.cloudinary.com/dxlhv2mji/image/upload/v1739922195/Jardim_da_Amaz%C3%B4nia-3707_rt8aww.jpg","Casa da Mata,Marlon Erthal"
"Jardim_da_Amazônia-3714_fhy2ki","https://res.cloudinary.com/dxlhv2mji/image/upload/v1739922205/Jardim_da_Amaz%C3%B4nia-3714_fhy2ki.jpg","Casa da Mata,Marlon Erthal"
"Jardim_da_Amazônia-3676_hn0sbn","https://res.cloudinary.com/dxlhv2mji/image/upload/v1739922168/Jardim_da_Amaz%C3%B4nia-3676_hn0sbn.jpg","Casa da Mata,Marlon Erthal"
"Jardim_da_Amazônia-3652_dfxemv","https://res.cloudinary.com/dxlhv2mji/image/upload/v1739842129/Jardim_da_Amaz%C3%B4nia-3652_dfxemv.jpg","Marlon Erthal,Casa da Mata"
"Jardim_da_Amazônia-3639_osmlhh","https://res.cloudinary.com/dxlhv2mji/image/upload/v1739842128/Jardim_da_Amaz%C3%B4nia-3639_osmlhh.jpg","Marlon Erthal,Casa da Mata"
"Jardim_da_Amazônia-3690_ejddqg","https://res.cloudinary.com/dxlhv2mji/image/upload/v1739842110/Jardim_da_Amaz%C3%B4nia-3690_ejddqg.jpg","Marlon Erthal,Casa da Mata"
"Jardim_da_Amazônia-3635_pxeunv","https://res.cloudinary.com/dxlhv2mji/image/upload/v1739922142/Jardim_da_Amaz%C3%B4nia-3635_pxeunv.jpg","Casa da Mata,Marlon Erthal"
"Jardim_da_Amazônia-3626_lfykt4","https://res.cloudinary.com/dxlhv2mji/image/upload/v1739922128/Jardim_da_Amaz%C3%B4nia-3626_lfykt4.jpg","Casa da Mata,Marlon Erthal"
"Jardim_da_Amazônia-3682_kcblsn","https://res.cloudinary.com/dxlhv2mji/image/upload/v1739922180/Jardim_da_Amaz%C3%B4nia-3682_kcblsn.jpg","Casa da Mata,Marlon Erthal"
"Jardim_da_Amazônia-3608_k2fvfu","https://res.cloudinary.com/dxlhv2mji/image/upload/v1739842063/Jardim_da_Amaz%C3%B4nia-3608_k2fvfu.jpg","Marlon Erthal,Piscina"
"Jardim_da_Amazônia-3602_sisbpp","https://res.cloudinary.com/dxlhv2mji/image/upload/v1739842036/Jardim_da_Amaz%C3%B4nia-3602_sisbpp.jpg","Marlon Erthal,Piscina"
"Jardim_da_Amazônia-3588_surdeb","https://res.cloudinary.com/dxlhv2mji/image/upload/v1739842011/Jardim_da_Amaz%C3%B4nia-3588_surdeb.jpg","Marlon Erthal,Piscina"
"Jardim_da_Amazônia-3538_kppv8a","https://res.cloudinary.com/dxlhv2mji/image/upload/v1739841939/Jardim_da_Amaz%C3%B4nia-3538_kppv8a.jpg","Marlon Erthal,Piscina"
"Jardim_da_Amazônia-3495_em7syh","https://res.cloudinary.com/dxlhv2mji/image/upload/v1739841682/Jardim_da_Amaz%C3%B4nia-3495_em7syh.jpg","Marlon Erthal,Piscina"
"Jardim_da_Amazônia-3471_yxyety","https://res.cloudinary.com/dxlhv2mji/image/upload/v1739841672/Jardim_da_Amaz%C3%B4nia-3471_yxyety.jpg","Marlon Erthal,Piscina"
"Jardim_da_Amazônia-3434_jsn8sr","https://res.cloudinary.com/dxlhv2mji/image/upload/v1739841625/Jardim_da_Amaz%C3%B4nia-3434_jsn8sr.jpg","Marlon Erthal,Piscina"
"Jardim_da_Amazônia-3427_jshmzs","https://res.cloudinary.com/dxlhv2mji/image/upload/v1739841590/Jardim_da_Amaz%C3%B4nia-3427_jshmzs.jpg","Marlon Erthal,Piscina"
"Jardim_da_Amazônia-3333_fqs03v","https://res.cloudinary.com/dxlhv2mji/image/upload/v1739841514/Jardim_da_Amaz%C3%B4nia-3333_fqs03v.jpg","Marlon Erthal,Piscina"
"Jardim_da_Amazônia-3377_jzsf4a","https://res.cloudinary.com/dxlhv2mji/image/upload/v1739841473/Jardim_da_Amaz%C3%B4nia-3377_jzsf4a.jpg","Marlon Erthal,Piscina"
"Jardim_da_Amazônia-3424_u8a4an","https://res.cloudinary.com/dxlhv2mji/image/upload/v1739841469/Jardim_da_Amaz%C3%B4nia-3424_u8a4an.jpg","Marlon Erthal,Piscina"
"Jardim_da_Amazônia-3401_hqansh","https://res.cloudinary.com/dxlhv2mji/image/upload/v1739841445/Jardim_da_Amaz%C3%B4nia-3401_hqansh.jpg","familia,Marlon Erthal"
"Jardim_da_Amazônia-3234_h1mjwq","https://res.cloudinary.com/dxlhv2mji/image/upload/v1739841392/Jardim_da_Amaz%C3%B4nia-3234_h1mjwq.jpg","Marlon Erthal,Trilhas"
"Jardim_da_Amazônia-3216_yrohd0","https://res.cloudinary.com/dxlhv2mji/image/upload/v1739841326/Jardim_da_Amaz%C3%B4nia-3216_yrohd0.jpg","Marlon Erthal,Trilhas"
"Jardim_da_Amazônia-3238_fb5k3w","https://res.cloudinary.com/dxlhv2mji/image/upload/v1739841324/Jardim_da_Amaz%C3%B4nia-3238_fb5k3w.jpg","Marlon Erthal,Trilhas"
"Jardim_da_Amazônia-3188_lceiu2","https://res.cloudinary.com/dxlhv2mji/image/upload/v1739841322/Jardim_da_Amaz%C3%B4nia-3188_lceiu2.jpg","Marlon Erthal,Trilhas"
"Jardim_da_Amazônia-3166_npmlu7","https://res.cloudinary.com/dxlhv2mji/image/upload/v1739841321/Jardim_da_Amaz%C3%B4nia-3166_npmlu7.jpg","Marlon Erthal,Trilhas"
"Jardim_da_Amazônia-3179_xym08p","https://res.cloudinary.com/dxlhv2mji/image/upload/v1739841319/Jardim_da_Amaz%C3%B4nia-3179_xym08p.jpg","Marlon Erthal,Trilhas"
"Jardim_da_Amazônia-3266_mbiwmz","https://res.cloudinary.com/dxlhv2mji/image/upload/v1739841319/Jardim_da_Amaz%C3%B4nia-3266_mbiwmz.jpg","Marlon Erthal,Trilhas"
"Jardim_da_Amazônia-3256_h9yfjv","https://res.cloudinary.com/dxlhv2mji/image/upload/v1739841318/Jardim_da_Amaz%C3%B4nia-3256_h9yfjv.jpg","Marlon Erthal,Trilhas"
"Jardim_da_Amazônia-3031_xq0nne","https://res.cloudinary.com/dxlhv2mji/image/upload/v1739835876/Jardim_da_Amaz%C3%B4nia-3031_xq0nne.jpg","Marlon Erthal,Espaco Convivencia"
"Jardim_da_Amazônia-3104_l5sym6","https://res.cloudinary.com/dxlhv2mji/image/upload/v1739835876/Jardim_da_Amaz%C3%B4nia-3104_l5sym6.jpg","Marlon Erthal,Espaco Convivencia"
"Jardim_da_Amazônia-3035_lrrhb7","https://res.cloudinary.com/dxlhv2mji/image/upload/v1739835870/Jardim_da_Amaz%C3%B4nia-3035_lrrhb7.jpg","Marlon Erthal,Espaco Convivencia"
"Jardim_da_Amazônia-3004_h8t0ue","https://res.cloudinary.com/dxlhv2mji/image/upload/v1739835866/Jardim_da_Amaz%C3%B4nia-3004_h8t0ue.jpg","Marlon Erthal,Espaco Convivencia"
"Jardim_da_Amazônia-2965_ty8viw","https://res.cloudinary.com/dxlhv2mji/image/upload/v1739835861/Jardim_da_Amaz%C3%B4nia-2965_ty8viw.jpg","Marlon Erthal,Espaco Convivencia"
"Jardim_da_Amazônia-2951_ylmylh","https://res.cloudinary.com/dxlhv2mji/image/upload/v1739835860/Jardim_da_Amaz%C3%B4nia-2951_ylmylh.jpg","Marlon Erthal,Espaco Convivencia"
"Jardim_da_Amazônia-3145_yetojo","https://res.cloudinary.com/dxlhv2mji/image/upload/v1739835856/Jardim_da_Amaz%C3%B4nia-3145_yetojo.jpg","Marlon Erthal,Espaco Convivencia"
"Jardim_da_Amazônia-2943_fbaa8t","https://res.cloudinary.com/dxlhv2mji/image/upload/v1739835790/Jardim_da_Amaz%C3%B4nia-2943_fbaa8t.jpg","Marlon Erthal,Espaco Convivencia"
"Jardim_da_Amazônia-2938_z7ow2k","https://res.cloudinary.com/dxlhv2mji/image/upload/v1739835788/Jardim_da_Amaz%C3%B4nia-2938_z7ow2k.jpg","Marlon Erthal,Espaco Convivencia"
"Jardim_da_Amazônia-3124_c16uor","https://res.cloudinary.com/dxlhv2mji/image/upload/v1739835430/Jardim_da_Amaz%C3%B4nia-3124_c16uor.jpg","Marlon Erthal,Trilhas"
"Jardim_da_Amazônia-3116_fr02zg","https://res.cloudinary.com/dxlhv2mji/image/upload/v1739835429/Jardim_da_Amaz%C3%B4nia-3116_fr02zg.jpg","Marlon Erthal,Trilhas"
"Jardim_da_Amazônia-3014_dotnjn","https://res.cloudinary.com/dxlhv2mji/image/upload/v1739922101/Jardim_da_Amaz%C3%B4nia-3014_dotnjn.jpg","Espaco Convivencia,Marlon Erthal"
"Jardim_da_Amazônia-3009_waduyf","https://res.cloudinary.com/dxlhv2mji/image/upload/v1739835380/Jardim_da_Amaz%C3%B4nia-3009_waduyf.jpg","Marlon Erthal,Espaco Convivencia"
"Jardim_da_Amazônia-2973_gguuum","https://res.cloudinary.com/dxlhv2mji/image/upload/v1739835377/Jardim_da_Amaz%C3%B4nia-2973_gguuum.jpg","Marlon Erthal,Espaco Convivencia"
"Jardim_da_Amazônia-3097_jsnx41","https://res.cloudinary.com/dxlhv2mji/image/upload/v1739835376/Jardim_da_Amaz%C3%B4nia-3097_jsnx41.jpg","Marlon Erthal,Espaco Convivencia"
"Jardim_da_Amazônia-2995_kn2ttm","https://res.cloudinary.com/dxlhv2mji/image/upload/v1739835373/Jardim_da_Amaz%C3%B4nia-2995_kn2ttm.jpg","Marlon Erthal,Espaco Convivencia"
"Jardim_da_Amazônia-3064_ioy1yc","https://res.cloudinary.com/dxlhv2mji/image/upload/v1739835372/Jardim_da_Amaz%C3%B4nia-3064_ioy1yc.jpg","Casa Buriti,Marlon Erthal"
"Jardim_da_Amazônia-3051_hakgyq","https://res.cloudinary.com/dxlhv2mji/image/upload/v1739835369/Jardim_da_Amaz%C3%B4nia-3051_hakgyq.jpg","Casa Buriti,Marlon Erthal"
"Jardim_da_Amazônia-2923_r22dps","https://res.cloudinary.com/dxlhv2mji/image/upload/v1739835365/Jardim_da_Amaz%C3%B4nia-2923_r22dps.jpg","Marlon Erthal,Espaco Convivencia"
"Jardim_da_Amazônia-2795_cq11f5","https://res.cloudinary.com/dxlhv2mji/image/upload/v1739922087/Jardim_da_Amaz%C3%B4nia-2795_cq11f5.jpg","Cafe da Manha,Gastronomia,Marlon Erthal"
"Jardim_da_Amazônia-2851_pxct4y","https://res.cloudinary.com/dxlhv2mji/image/upload/v1739835358/Jardim_da_Amaz%C3%B4nia-2851_pxct4y.jpg","Marlon Erthal,Gastronomia"
"Jardim_da_Amazônia-2893_rilh9v","https://res.cloudinary.com/dxlhv2mji/image/upload/v1739835355/Jardim_da_Amaz%C3%B4nia-2893_rilh9v.jpg","Casa Buriti,Marlon Erthal"
"Jardim_da_Amazônia-2914_kqx6ka","https://res.cloudinary.com/dxlhv2mji/image/upload/v1739835353/Jardim_da_Amaz%C3%B4nia-2914_kqx6ka.jpg","Casa Buriti,Marlon Erthal"
"Jardim_da_Amazônia-2855_asjqeo","https://res.cloudinary.com/dxlhv2mji/image/upload/v1739835351/Jardim_da_Amaz%C3%B4nia-2855_asjqeo.jpg","Marlon Erthal,Gastronomia"
"Jardim_da_Amazônia-2773_onyyex","https://res.cloudinary.com/dxlhv2mji/image/upload/v1739835347/Jardim_da_Amaz%C3%B4nia-2773_onyyex.jpg","Gastronomia,Marlon Erthal,Cafe da Manha"
"Jardim_da_Amazônia-2734_bphqht","https://res.cloudinary.com/dxlhv2mji/image/upload/v1739835346/Jardim_da_Amaz%C3%B4nia-2734_bphqht.jpg","Gastronomia,Marlon Erthal,Cafe da Manha"
"Jardim_da_Amazônia-2647_kfpuvy","https://res.cloudinary.com/dxlhv2mji/image/upload/v1739835340/Jardim_da_Amaz%C3%B4nia-2647_kfpuvy.jpg","Gastronomia,Marlon Erthal,Pratos Principais"
"Jardim_da_Amazônia-2790_wgu7st","https://res.cloudinary.com/dxlhv2mji/image/upload/v1739835316/Jardim_da_Amaz%C3%B4nia-2790_wgu7st.jpg","Gastronomia,Marlon Erthal,Cafe da Manha"
"Jardim_da_Amazônia-2678_ctqe0i","https://res.cloudinary.com/dxlhv2mji/image/upload/v1739835314/Jardim_da_Amaz%C3%B4nia-2678_ctqe0i.jpg","Gastronomia,Marlon Erthal,Pratos Principais"
"Jardim_da_Amazônia-2672_v2dxav","https://res.cloudinary.com/dxlhv2mji/image/upload/v1739922056/Jardim_da_Amaz%C3%B4nia-2672_v2dxav.jpg","Gastronomia,Marlon Erthal,Pratos Principais"
"Jardim_da_Amazônia-2702_geb69g","https://res.cloudinary.com/dxlhv2mji/image/upload/v1739922069/Jardim_da_Amaz%C3%B4nia-2702_geb69g.jpg","Gastronomia,Marlon Erthal,Sobremesas"
"Jardim_da_Amazônia-2715_zd3gkp","https://res.cloudinary.com/dxlhv2mji/image/upload/v1739835252/Jardim_da_Amaz%C3%B4nia-2715_zd3gkp.jpg","Gastronomia,Marlon Erthal,Sobremesas"
"Jardim_da_Amazônia-1504_dvial4","https://res.cloudinary.com/dxlhv2mji/image/upload/v1739835117/Jardim_da_Amaz%C3%B4nia-1504_dvial4.jpg","Marlon Erthal,Espaco Convivencia"
"Jardim_da_Amazônia-2562_sljimb","https://res.cloudinary.com/dxlhv2mji/image/upload/v1739922037/Jardim_da_Amaz%C3%B4nia-2562_sljimb.jpg","Chef,Gastronomia,Marlon Erthal"
"Jardim_da_Amazônia-2312_ijgnj3","https://res.cloudinary.com/dxlhv2mji/image/upload/v1739922015/Jardim_da_Amaz%C3%B4nia-2312_ijgnj3.jpg","Chef,Gastronomia,Marlon Erthal"
"Jardim_da_Amazônia-2305_vmwmgv","https://res.cloudinary.com/dxlhv2mji/image/upload/v1739921997/Jardim_da_Amaz%C3%B4nia-2305_vmwmgv.jpg","Chef,Gastronomia,Marlon Erthal"
"Jardim_da_Amazônia-2277_ddmig6","https://res.cloudinary.com/dxlhv2mji/image/upload/v1739921985/Jardim_da_Amaz%C3%B4nia-2277_ddmig6.jpg","Chef,Gastronomia,Marlon Erthal"
"Jardim_da_Amazônia-2322_ojurek","https://res.cloudinary.com/dxlhv2mji/image/upload/v1739834931/Jardim_da_Amaz%C3%B4nia-2322_ojurek.jpg","Gastronomia,Marlon Erthal,Chef"
"Jardim_da_Amazônia-2151_ef33v2","https://res.cloudinary.com/dxlhv2mji/image/upload/v1739834927/Jardim_da_Amaz%C3%B4nia-2151_ef33v2.jpg","Gastronomia,Marlon Erthal,Restaurante"
"Jardim_da_Amazônia-2163_ot8lou","https://res.cloudinary.com/dxlhv2mji/image/upload/v1739834923/Jardim_da_Amaz%C3%B4nia-2163_ot8lou.jpg","Gastronomia,Marlon Erthal,Sobremesas"
"Jardim_da_Amazônia-2228_r9pbpp","https://res.cloudinary.com/dxlhv2mji/image/upload/v1739834921/Jardim_da_Amaz%C3%B4nia-2228_r9pbpp.jpg","Gastronomia,Marlon Erthal,Chef"
"Jardim_da_Amazônia-2184_xmban4","https://res.cloudinary.com/dxlhv2mji/image/upload/v1739921968/Jardim_da_Amaz%C3%B4nia-2184_xmban4.jpg","Gastronomia,Marlon Erthal,Sobremesas"
"Jardim_da_Amazônia-2114_yid2nu","https://res.cloudinary.com/dxlhv2mji/image/upload/v1739834916/Jardim_da_Amaz%C3%B4nia-2114_yid2nu.jpg","Marlon Erthal,Gastronomia"
"Jardim_da_Amazônia-2121_ue381w","https://res.cloudinary.com/dxlhv2mji/image/upload/v1739834893/Jardim_da_Amaz%C3%B4nia-2121_ue381w.jpg","Marlon Erthal,Gastronomia"
"Jardim_da_Amazônia-2109_uwr6tc","https://res.cloudinary.com/dxlhv2mji/image/upload/v1739921955/Jardim_da_Amaz%C3%B4nia-2109_uwr6tc.jpg","Gastronomia,Marlon Erthal"
"Jardim_da_Amazônia-2147_vh5yif","https://res.cloudinary.com/dxlhv2mji/image/upload/v1739834859/Jardim_da_Amaz%C3%B4nia-2147_vh5yif.jpg","Marlon Erthal,Gastronomia"
"Jardim_da_Amazônia-2094_kvrs1j","https://res.cloudinary.com/dxlhv2mji/image/upload/v1739834837/Jardim_da_Amaz%C3%B4nia-2094_kvrs1j.jpg","Marlon Erthal,Gastronomia"
"Jardim_da_Amazônia-2093_ngc2d3","https://res.cloudinary.com/dxlhv2mji/image/upload/v1739921925/Jardim_da_Amaz%C3%B4nia-2093_ngc2d3.jpg","Gastronomia,Marlon Erthal"
"Jardim_da_Amazônia-2106_oyuwzl","https://res.cloudinary.com/dxlhv2mji/image/upload/v1739921944/Jardim_da_Amaz%C3%B4nia-2106_oyuwzl.jpg","Gastronomia,Marlon Erthal,Restaurante"
"Jardim_da_Amazônia-2103_bvqibu","https://res.cloudinary.com/dxlhv2mji/image/upload/v1739834832/Jardim_da_Amaz%C3%B4nia-2103_bvqibu.jpg","Marlon Erthal,Gastronomia"
"Jardim_da_Amazônia-1929_eq81kp","https://res.cloudinary.com/dxlhv2mji/image/upload/v1739834785/Jardim_da_Amaz%C3%B4nia-1929_eq81kp.jpg","Marlon Erthal,Espaco Convivencia"
"Jardim_da_Amazônia-1923_xdjjd3","https://res.cloudinary.com/dxlhv2mji/image/upload/v1739921832/Jardim_da_Amaz%C3%B4nia-1923_xdjjd3.jpg","Espaco Convivencia,Marlon Erthal"
"Jardim_da_Amazônia-1946_pnjuhp","https://res.cloudinary.com/dxlhv2mji/image/upload/v1739834781/Jardim_da_Amaz%C3%B4nia-1946_pnjuhp.jpg","Marlon Erthal,Espaco Convivencia"
"Jardim_da_Amazônia-1856_tv7mhd","https://res.cloudinary.com/dxlhv2mji/image/upload/v1739834780/Jardim_da_Amaz%C3%B4nia-1856_tv7mhd.jpg","Casa Fazenda,Marlon Erthal"
"Jardim_da_Amazônia-1835_rpts1w","https://res.cloudinary.com/dxlhv2mji/image/upload/v1739834778/Jardim_da_Amaz%C3%B4nia-1835_rpts1w.jpg","Casa Fazenda,Marlon Erthal"
"Jardim_da_Amazônia-1830_nkccqw","https://res.cloudinary.com/dxlhv2mji/image/upload/v1739921819/Jardim_da_Amaz%C3%B4nia-1830_nkccqw.jpg","Casa Fazenda,Marlon Erthal,Vista"
"Jardim_da_Amazônia-1950_dy3egl","https://res.cloudinary.com/dxlhv2mji/image/upload/v1739921850/Jardim_da_Amaz%C3%B4nia-1950_dy3egl.jpg","Gastronomia,Marlon Erthal"
"Jardim_da_Amazônia-1824_l7jmr7","https://res.cloudinary.com/dxlhv2mji/image/upload/v1739921807/Jardim_da_Amaz%C3%B4nia-1824_l7jmr7.jpg","Casa Fazenda,Marlon Erthal,Decor"
"Jardim_da_Amazônia-1733_nnn1ti","https://res.cloudinary.com/dxlhv2mji/image/upload/v1739834770/Jardim_da_Amaz%C3%B4nia-1733_nnn1ti.jpg","Casa Fazenda,Marlon Erthal,Decor"
"Jardim_da_Amazônia-1770_g4lktm","https://res.cloudinary.com/dxlhv2mji/image/upload/v1739834768/Jardim_da_Amaz%C3%B4nia-1770_g4lktm.jpg","Casa Fazenda,Marlon Erthal,Decor"
"Jardim_da_Amazônia-1754_njecru","https://res.cloudinary.com/dxlhv2mji/image/upload/v1739834767/Jardim_da_Amaz%C3%B4nia-1754_njecru.jpg","Casa Fazenda,Marlon Erthal,Cama"
"Jardim_da_Amazônia-1731_bdkq6u","https://res.cloudinary.com/dxlhv2mji/image/upload/v1739921762/Jardim_da_Amaz%C3%B4nia-1731_bdkq6u.jpg","Casa Fazenda,Marlon Erthal"
"Jardim_da_Amazônia-1812_yti77l","https://res.cloudinary.com/dxlhv2mji/image/upload/v1739921794/Jardim_da_Amaz%C3%B4nia-1812_yti77l.jpg","Casa Fazenda,Marlon Erthal,Vista"
"Jardim_da_Amazônia-1810_kcyvcj","https://res.cloudinary.com/dxlhv2mji/image/upload/v1739834762/Jardim_da_Amaz%C3%B4nia-1810_kcyvcj.jpg","Casa Fazenda,Marlon Erthal,Decor"
"Jardim_da_Amazônia-1802_pvsd2n","https://res.cloudinary.com/dxlhv2mji/image/upload/v1739834759/Jardim_da_Amaz%C3%B4nia-1802_pvsd2n.jpg","Casa Fazenda,Marlon Erthal"
"Jardim_da_Amazônia-1748_gzhe8v","https://res.cloudinary.com/dxlhv2mji/image/upload/v1739921774/Jardim_da_Amaz%C3%B4nia-1748_gzhe8v.jpg","Casa Fazenda,Marlon Erthal,Cama"
"Jardim_da_Amazônia-1707_o4s4u5","https://res.cloudinary.com/dxlhv2mji/image/upload/v1739921738/Jardim_da_Amaz%C3%B4nia-1707_o4s4u5.jpg","Casa Fazenda,Marlon Erthal,Cama"
"Jardim_da_Amazônia-1677_cygtxz","https://res.cloudinary.com/dxlhv2mji/image/upload/v1739921726/Jardim_da_Amaz%C3%B4nia-1677_cygtxz.jpg","Casa Fazenda,Marlon Erthal,Cama"
"Jardim_da_Amazônia-1723_q4wteu","https://res.cloudinary.com/dxlhv2mji/image/upload/v1739834751/Jardim_da_Amaz%C3%B4nia-1723_q4wteu.jpg","Casa Fazenda,Marlon Erthal,Vista"
"Jardim_da_Amazônia-1720_b3lxe8","https://res.cloudinary.com/dxlhv2mji/image/upload/v1739921750/Jardim_da_Amaz%C3%B4nia-1720_b3lxe8.jpg","Casa Fazenda,Marlon Erthal,Vista"
"Jardim_da_Amazônia-2017_ptlfct","https://res.cloudinary.com/dxlhv2mji/image/upload/v1739921898/Jardim_da_Amaz%C3%B4nia-2017_ptlfct.jpg","Gastronomia,Marlon Erthal"
"Jardim_da_Amazônia-1993_ioq4ib","https://res.cloudinary.com/dxlhv2mji/image/upload/v1739834742/Jardim_da_Amaz%C3%B4nia-1993_ioq4ib.jpg","Marlon Erthal,Gastronomia"
"Jardim_da_Amazônia-2091_ssbrx9","https://res.cloudinary.com/dxlhv2mji/image/upload/v1739921913/Jardim_da_Amaz%C3%B4nia-2091_ssbrx9.jpg","Gastronomia,Marlon Erthal"
"Jardim_da_Amazônia-2026_jflwb2","https://res.cloudinary.com/dxlhv2mji/image/upload/v1739834739/Jardim_da_Amaz%C3%B4nia-2026_jflwb2.jpg","Marlon Erthal,Gastronomia"
"Jardim_da_Amazônia-2042_qfg1hz","https://res.cloudinary.com/dxlhv2mji/image/upload/v1739834738/Jardim_da_Amaz%C3%B4nia-2042_qfg1hz.jpg","Marlon Erthal,Gastronomia"
"Jardim_da_Amazônia-2066_svxizk","https://res.cloudinary.com/dxlhv2mji/image/upload/v1739834737/Jardim_da_Amaz%C3%B4nia-2066_svxizk.jpg","Marlon Erthal,Gastronomia"
"Jardim_da_Amazônia-1987_opehjq","https://res.cloudinary.com/dxlhv2mji/image/upload/v1739921883/Jardim_da_Amaz%C3%B4nia-1987_opehjq.jpg","Gastronomia,Marlon Erthal"
"Jardim_da_Amazônia-2050_jhzvvu","https://res.cloudinary.com/dxlhv2mji/image/upload/v1739834733/Jardim_da_Amaz%C3%B4nia-2050_jhzvvu.jpg","Marlon Erthal,Gastronomia"
"Jardim_da_Amazônia-1970_o1osvy","https://res.cloudinary.com/dxlhv2mji/image/upload/v1739921864/Jardim_da_Amaz%C3%B4nia-1970_o1osvy.jpg","Gastronomia,Marlon Erthal"
"Jardim_da_Amazônia-1963_mppzep","https://res.cloudinary.com/dxlhv2mji/image/upload/v1739834730/Jardim_da_Amaz%C3%B4nia-1963_mppzep.jpg","Marlon Erthal,Gastronomia"
"Jardim_da_Amazônia-2081_ghp35o","https://res.cloudinary.com/dxlhv2mji/image/upload/v1739834728/Jardim_da_Amaz%C3%B4nia-2081_ghp35o.jpg","Marlon Erthal,Gastronomia"
"Jardim_da_Amazônia-1954_t45rgc","https://res.cloudinary.com/dxlhv2mji/image/upload/v1739834727/Jardim_da_Amaz%C3%B4nia-1954_t45rgc.jpg","Marlon Erthal,Gastronomia"
"Jardim_da_Amazônia-1626_rmqvne","https://res.cloudinary.com/dxlhv2mji/image/upload/v1739834722/Jardim_da_Amaz%C3%B4nia-1626_rmqvne.jpg","Marlon Erthal,Espaco Convivencia"
"Jardim_da_Amazônia-1541_dklvoh","https://res.cloudinary.com/dxlhv2mji/image/upload/v1739834670/Jardim_da_Amaz%C3%B4nia-1541_dklvoh.jpg","Marlon Erthal,Espaco Convivencia"
"Jardim_da_Amazônia-1586_jkg0tp","https://res.cloudinary.com/dxlhv2mji/image/upload/v1739921713/Jardim_da_Amaz%C3%B4nia-1586_jkg0tp.jpg","Espaco Convivencia,Marlon Erthal"
"Jardim_da_Amazônia-1674_djpiua","https://res.cloudinary.com/dxlhv2mji/image/upload/v1739834667/Jardim_da_Amaz%C3%B4nia-1674_djpiua.jpg","Casa Fazenda,Marlon Erthal,Cama"
"Jardim_da_Amazônia-1277_cfbiu3","https://res.cloudinary.com/dxlhv2mji/image/upload/v1739834633/Jardim_da_Amaz%C3%B4nia-1277_cfbiu3.jpg","Casa Fazenda,Marlon Erthal,Decor"
"Jardim_da_Amazônia-1290_bpzs5j","https://res.cloudinary.com/dxlhv2mji/image/upload/v1739834594/Jardim_da_Amaz%C3%B4nia-1290_bpzs5j.jpg","Casa Fazenda,Marlon Erthal,Decor"
"Jardim_da_Amazônia-1256_e2bi2l","https://res.cloudinary.com/dxlhv2mji/image/upload/v1739834592/Jardim_da_Amaz%C3%B4nia-1256_e2bi2l.jpg","Casa Fazenda,Marlon Erthal,Decor"
"Jardim_da_Amazônia-1288_lzebaa","https://res.cloudinary.com/dxlhv2mji/image/upload/v1739834591/Jardim_da_Amaz%C3%B4nia-1288_lzebaa.jpg","Casa Fazenda,Marlon Erthal"
"Jardim_da_Amazônia-1416_bnctec","https://res.cloudinary.com/dxlhv2mji/image/upload/v1739921696/Jardim_da_Amaz%C3%B4nia-1416_bnctec.jpg","Espaco Convivencia,Marlon Erthal"
"Jardim_da_Amazônia-1217_x4vuyi","https://res.cloudinary.com/dxlhv2mji/image/upload/v1739921684/Jardim_da_Amaz%C3%B4nia-1217_x4vuyi.jpg","Casa Fazenda,Marlon Erthal"
"Jardim_da_Amazônia-1205_dfplxq","https://res.cloudinary.com/dxlhv2mji/image/upload/v1739834584/Jardim_da_Amaz%C3%B4nia-1205_dfplxq.jpg","Casa Fazenda,Marlon Erthal,Decor"
"Jardim_da_Amazônia-1199_tear44","https://res.cloudinary.com/dxlhv2mji/image/upload/v1739834565/Jardim_da_Amaz%C3%B4nia-1199_tear44.jpg","Casa Fazenda,Marlon Erthal,Decor"
"Jardim_da_Amazônia-1520_zv5sxv","https://res.cloudinary.com/dxlhv2mji/image/upload/v1739834564/Jardim_da_Amaz%C3%B4nia-1520_zv5sxv.jpg","Marlon Erthal,Espaco Convivencia"
"Jardim_da_Amazônia-1311_a4n69x","https://res.cloudinary.com/dxlhv2mji/image/upload/v1739834524/Jardim_da_Amaz%C3%B4nia-1311_a4n69x.jpg","Casa Buriti,Marlon Erthal"
"Jardim_da_Amazônia-1185_kyywqy","https://res.cloudinary.com/dxlhv2mji/image/upload/v1739834524/Jardim_da_Amaz%C3%B4nia-1185_kyywqy.jpg","Casa Fazenda,Marlon Erthal,Cama"
"Jardim_da_Amazônia-1106_ws1fz1","https://res.cloudinary.com/dxlhv2mji/image/upload/v1739921668/Jardim_da_Amaz%C3%B4nia-1106_ws1fz1.jpg","Bangalo Familia,Marlon Erthal,Vista"
"Jardim_da_Amazônia-1103_ce7asj","https://res.cloudinary.com/dxlhv2mji/image/upload/v1739834460/Jardim_da_Amaz%C3%B4nia-1103_ce7asj.jpg","Bangalo Familia,Marlon Erthal"
"Jardim_da_Amazônia-1085_rba1ha","https://res.cloudinary.com/dxlhv2mji/image/upload/v1739921551/Jardim_da_Amaz%C3%B4nia-1085_rba1ha.jpg","Bangalo Familia,Marlon Erthal,Cama"
"Jardim_da_Amazônia-1144_oqujz8","https://res.cloudinary.com/dxlhv2mji/image/upload/v1739834456/Jardim_da_Amaz%C3%B4nia-1144_oqujz8.jpg","Bangalo Familia,Marlon Erthal,Vista"
"Jardim_da_Amazônia-998_d5u8je","https://res.cloudinary.com/dxlhv2mji/image/upload/v1739834455/Jardim_da_Amaz%C3%B4nia-998_d5u8je.jpg","Bangalo Familia,Marlon Erthal,Cama"
"Jardim_da_Amazônia-975_xljvb9","https://res.cloudinary.com/dxlhv2mji/image/upload/v1739921489/Jardim_da_Amaz%C3%B4nia-975_xljvb9.jpg","Bangalo Familia,Marlon Erthal,Banheiro"
"Jardim_da_Amazônia-974_ngdj0e","https://res.cloudinary.com/dxlhv2mji/image/upload/v1739834451/Jardim_da_Amaz%C3%B4nia-974_ngdj0e.jpg","Bangalo Familia,Marlon Erthal,Banheiro"
"Jardim_da_Amazônia-1165_ztchyn","https://res.cloudinary.com/dxlhv2mji/image/upload/v1739834451/Jardim_da_Amaz%C3%B4nia-1165_ztchyn.jpg","Bangalo Familia,Marlon Erthal"
"Jardim_da_Amazônia-886_sufkuh","https://res.cloudinary.com/dxlhv2mji/image/upload/v1739921448/Jardim_da_Amaz%C3%B4nia-886_sufkuh.jpg","Bangalo Familia,Marlon Erthal,Cama"
"Jardim_da_Amazônia-874_rlr5ee","https://res.cloudinary.com/dxlhv2mji/image/upload/v1739921436/Jardim_da_Amaz%C3%B4nia-874_rlr5ee.jpg","Bangalo Familia,Marlon Erthal,Cama"
"Jardim_da_Amazônia-903_eejblv","https://res.cloudinary.com/dxlhv2mji/image/upload/v1739921462/Jardim_da_Amaz%C3%B4nia-903_eejblv.jpg","Bangalo Familia,Marlon Erthal,Cama"
"Jardim_da_Amazônia-863_pmur7v","https://res.cloudinary.com/dxlhv2mji/image/upload/v1739834383/Jardim_da_Amaz%C3%B4nia-863_pmur7v.jpg","Bangalo Familia,Cama,Marlon Erthal,Decor"
"Jardim_da_Amazônia-856_zmzgrh","https://res.cloudinary.com/dxlhv2mji/image/upload/v1739834382/Jardim_da_Amaz%C3%B4nia-856_zmzgrh.jpg","Bangalo Familia,Marlon Erthal,Cama"
"Jardim_da_Amazônia-948_cdpznn","https://res.cloudinary.com/dxlhv2mji/image/upload/v1739921474/Jardim_da_Amaz%C3%B4nia-948_cdpznn.jpg","Bangalo Familia,Marlon Erthal,Banheiro"
"Jardim_da_Amazônia-928_h6umcl","https://res.cloudinary.com/dxlhv2mji/image/upload/v1739834379/Jardim_da_Amaz%C3%B4nia-928_h6umcl.jpg","Bangalo Familia,Marlon Erthal,Cama"
"Jardim_da_Amazônia-943_h7aono","https://res.cloudinary.com/dxlhv2mji/image/upload/v1739834378/Jardim_da_Amaz%C3%B4nia-943_h7aono.jpg","Bangalo Familia,Marlon Erthal,Cama"
"Jardim_da_Amazônia-807_ftxvoa","https://res.cloudinary.com/dxlhv2mji/image/upload/v1739834375/Jardim_da_Amaz%C3%B4nia-807_ftxvoa.jpg","Bangalo Familia,Marlon Erthal"
"Jardim_da_Amazônia-783_hdy895","https://res.cloudinary.com/dxlhv2mji/image/upload/v1739921412/Jardim_da_Amaz%C3%B4nia-783_hdy895.jpg","Bangalo Familia,Marlon Erthal,Cama"
"Jardim_da_Amazônia-756_qpla99","https://res.cloudinary.com/dxlhv2mji/image/upload/v1739921362/Jardim_da_Amaz%C3%B4nia-756_qpla99.jpg","Bangalo Familia,Marlon Erthal,Cama"
"Jardim_da_Amazônia-846_kfad7n","https://res.cloudinary.com/dxlhv2mji/image/upload/v1739834371/Jardim_da_Amaz%C3%B4nia-846_kfad7n.jpg","Bangalo Familia,Marlon Erthal,Cama"
"Jardim_da_Amazônia-741_jmqxzv","https://res.cloudinary.com/dxlhv2mji/image/upload/v1739834368/Jardim_da_Amaz%C3%B4nia-741_jmqxzv.jpg","Bangalo Familia,Marlon Erthal"
"Jardim_da_Amazônia-726_frmxvo","https://res.cloudinary.com/dxlhv2mji/image/upload/v1739921311/Jardim_da_Amaz%C3%B4nia-726_frmxvo.jpg","Bangalo Familia,Marlon Erthal,Vista"
"Jardim_da_Amazônia-693_jdjx3p","https://res.cloudinary.com/dxlhv2mji/image/upload/v1739921298/Jardim_da_Amaz%C3%B4nia-693_jdjx3p.jpg","Bangalo Familia,Marlon Erthal,Cama"
"Jardim_da_Amazônia-681_sukkba","https://res.cloudinary.com/dxlhv2mji/image/upload/v1739834334/Jardim_da_Amaz%C3%B4nia-681_sukkba.jpg","Bangalo Familia,Marlon Erthal,Cama"
"Jardim_da_Amazônia-675_ppk2tk","https://res.cloudinary.com/dxlhv2mji/image/upload/v1739921284/Jardim_da_Amaz%C3%B4nia-675_ppk2tk.jpg","Bangalo Familia,Marlon Erthal,Cama"
"Jardim_da_Amazônia-744_solrly","https://res.cloudinary.com/dxlhv2mji/image/upload/v1739921327/Jardim_da_Amaz%C3%B4nia-744_solrly.jpg","Bangalo Familia,Marlon Erthal,Cama"
"Jardim_da_Amazônia-717_atwotr","https://res.cloudinary.com/dxlhv2mji/image/upload/v1739834329/Jardim_da_Amaz%C3%B4nia-717_atwotr.jpg","Bangalo Familia,Marlon Erthal,Decor"
"Jardim_da_Amazônia-751_svnptn","https://res.cloudinary.com/dxlhv2mji/image/upload/v1739921340/Jardim_da_Amaz%C3%B4nia-751_svnptn.jpg","Bangalo Familia,Marlon Erthal,Cama"
"Jardim_da_Amazônia-661_bavv7b","https://res.cloudinary.com/dxlhv2mji/image/upload/v1739834325/Jardim_da_Amaz%C3%B4nia-661_bavv7b.jpg","Bangalo Familia,Marlon Erthal"
"Jardim_da_Amazônia-651_s9d3lw","https://res.cloudinary.com/dxlhv2mji/image/upload/v1739921204/Jardim_da_Amaz%C3%B4nia-651_s9d3lw.jpg","Bangalo Familia,Marlon Erthal,Banheiro"
"Jardim_da_Amazônia-665_xecad1","https://res.cloudinary.com/dxlhv2mji/image/upload/v1739921270/Jardim_da_Amaz%C3%B4nia-665_xecad1.jpg","Bangalo Familia,Marlon Erthal,Cama"
"Jardim_da_Amazônia-663_mbospc","https://res.cloudinary.com/dxlhv2mji/image/upload/v1739834290/Jardim_da_Amaz%C3%B4nia-663_mbospc.jpg","Bangalo Familia,Marlon Erthal"
"Jardim_da_Amazônia-628_so2gho","https://res.cloudinary.com/dxlhv2mji/image/upload/v1739921190/Jardim_da_Amaz%C3%B4nia-628_so2gho.jpg","Bangalo Familia,Marlon Erthal,Banheiro"
"Jardim_da_Amazônia-587_m1zqc2","https://res.cloudinary.com/dxlhv2mji/image/upload/v1739919813/Jardim_da_Amaz%C3%B4nia-587_m1zqc2.jpg","Bangalo Jardim,Marlon Erthal,Banheiro"
"Jardim_da_Amazônia-560_fd4jem","https://res.cloudinary.com/dxlhv2mji/image/upload/v1739834205/Jardim_da_Amaz%C3%B4nia-560_fd4jem.jpg","Bangalo Jardim,Decor,Marlon Erthal"
"Jardim_da_Amazônia-639_qrstks","https://res.cloudinary.com/dxlhv2mji/image/upload/v1739834204/Jardim_da_Amaz%C3%B4nia-639_qrstks.jpg","Bangalo Jardim,Marlon Erthal"
"Jardim_da_Amazônia-549_yzjzzh","https://res.cloudinary.com/dxlhv2mji/image/upload/v1739834201/Jardim_da_Amaz%C3%B4nia-549_yzjzzh.jpg","Bangalo Jardim,Decor,Marlon Erthal"
"Jardim_da_Amazônia-500_j71e2m","https://res.cloudinary.com/dxlhv2mji/image/upload/v1739834128/Jardim_da_Amaz%C3%B4nia-500_j71e2m.jpg","Bangalo Jardim,Decor,Marlon Erthal"
"Jardim_da_Amazônia-476_hmn9lp","https://res.cloudinary.com/dxlhv2mji/image/upload/v1739919800/Jardim_da_Amaz%C3%B4nia-476_hmn9lp.jpg","Bangalo Jardim,Marlon Erthal,Decor"
"Jardim_da_Amazônia-527_hdrw9w","https://res.cloudinary.com/dxlhv2mji/image/upload/v1739834126/Jardim_da_Amaz%C3%B4nia-527_hdrw9w.jpg","Bangalo Jardim,Decor,Marlon Erthal"
"Jardim_da_Amazônia-396_aesbzm","https://res.cloudinary.com/dxlhv2mji/image/upload/v1739919733/Jardim_da_Amaz%C3%B4nia-396_aesbzm.jpg","Bangalo Jardim,Marlon Erthal,Vista Exterior"
"Jardim_da_Amazônia-465_wwnsh7","https://res.cloudinary.com/dxlhv2mji/image/upload/v1739919787/Jardim_da_Amaz%C3%B4nia-465_wwnsh7.jpg","Bangalo Jardim,Cama,Marlon Erthal,Decor"
"Jardim_da_Amazônia-444_fk0s5n","https://res.cloudinary.com/dxlhv2mji/image/upload/v1739919752/Jardim_da_Amaz%C3%B4nia-444_fk0s5n.jpg","Bangalo Jardim,Marlon Erthal,Cama"
"Jardim_da_Amazônia-462_fyacms","https://res.cloudinary.com/dxlhv2mji/image/upload/v1739919766/Jardim_da_Amaz%C3%B4nia-462_fyacms.jpg","Bangalo Jardim,Marlon Erthal,Cama"
"Jardim_da_Amazônia-211_qvgxip","https://res.cloudinary.com/dxlhv2mji/image/upload/v1739921056/Jardim_da_Amaz%C3%B4nia-211_qvgxip.jpg","Bangalo Jardim,Marlon Erthal,Cama"
"Jardim_da_Amazônia-287_fklaqd","https://res.cloudinary.com/dxlhv2mji/image/upload/v1739833735/Jardim_da_Amaz%C3%B4nia-287_fklaqd.jpg","Bangalo Jardim,Decor,Marlon Erthal"
"Jardim_da_Amazônia-323_vs32ru","https://res.cloudinary.com/dxlhv2mji/image/upload/v1739833734/Jardim_da_Amaz%C3%B4nia-323_vs32ru.jpg","Bangalo Jardim,Marlon Erthal,Vista"
"Jardim_da_Amazônia-322_zfxyux","https://res.cloudinary.com/dxlhv2mji/image/upload/v1739921072/Jardim_da_Amaz%C3%B4nia-322_zfxyux.jpg","Bangalo Jardim,Marlon Erthal,Vista"
"Jardim_da_Amazônia-173_hczwfd","https://res.cloudinary.com/dxlhv2mji/image/upload/v1739833675/Jardim_da_Amaz%C3%B4nia-173_hczwfd.jpg","Bangalo Jardim,Marlon Erthal,Cama"
"Jardim_da_Amazônia-165_auxccl","https://res.cloudinary.com/dxlhv2mji/image/upload/v1739833673/Jardim_da_Amaz%C3%B4nia-165_auxccl.jpg","Bangalo Jardim,Decor,Marlon Erthal"
"Jardim_da_Amazônia-131_trfay9","https://res.cloudinary.com/dxlhv2mji/image/upload/v1739833672/Jardim_da_Amaz%C3%B4nia-131_trfay9.jpg","Bangalo Jardim,Decor,Marlon Erthal"
"Jardim_da_Amazônia-161_jacpvt","https://res.cloudinary.com/dxlhv2mji/image/upload/v1739833672/Jardim_da_Amaz%C3%B4nia-161_jacpvt.jpg","Bangalo Jardim,Decor,Marlon Erthal"
"Jardim_da_Amazônia-88_jmrava","https://res.cloudinary.com/dxlhv2mji/image/upload/v1739919696/Jardim_da_Amaz%C3%B4nia-88_jmrava.jpg","Bangalo Jardim,Marlon Erthal,Cama"
"Jardim_da_Amazônia-70_catuwk","https://res.cloudinary.com/dxlhv2mji/image/upload/v1739833651/Jardim_da_Amaz%C3%B4nia-70_catuwk.jpg","Bangalo Jardim,Marlon Erthal"
"Jardim_da_Amazônia-46_yiqzyy","https://res.cloudinary.com/dxlhv2mji/image/upload/v1739833651/Jardim_da_Amaz%C3%B4nia-46_yiqzyy.jpg","Bangalo Jardim,Marlon Erthal"
"Jardim_da_Amazônia-124_nwdfck","https://res.cloudinary.com/dxlhv2mji/image/upload/v1739833649/Jardim_da_Amaz%C3%B4nia-124_nwdfck.jpg","Bangalo Jardim,Decor,Marlon Erthal"
"Jardim_da_Amazônia-25_rheaug","https://res.cloudinary.com/dxlhv2mji/image/upload/v1739833618/Jardim_da_Amaz%C3%B4nia-25_rheaug.jpg","Bangalo Jardim,Decor,Marlon Erthal"
"Jardim_da_Amazônia-1_nmhh66","https://res.cloudinary.com/dxlhv2mji/image/upload/v1739919619/Jardim_da_Amaz%C3%B4nia-1_nmhh66.jpg","Bangalo Jardim,Marlon Erthal,Cama"
"Jardim_da_Amazônia-40_adu4mj","https://res.cloudinary.com/dxlhv2mji/image/upload/v1739833617/Jardim_da_Amaz%C3%B4nia-40_adu4mj.jpg","Bangalo Jardim,Decor,Marlon Erthal"
"Jardim_da_Amazônia-16_soj6ut","https://res.cloudinary.com/dxlhv2mji/image/upload/v1739919654/Jardim_da_Amaz%C3%B4nia-16_soj6ut.jpg","Bangalo Jardim,Marlon Erthal,Cama"
"MANOEL_RUEDI_117_whajew","https://res.cloudinary.com/dxlhv2mji/image/upload/v1738450675/MANOEL_RUEDI_117_whajew.jpg","Manoel Ruedi,Birdwatching"
"MANOEL_RUEDI_90_dedxfy","https://res.cloudinary.com/dxlhv2mji/image/upload/v1738450672/MANOEL_RUEDI_90_dedxfy.jpg","Manoel Ruedi,Birdwatching"
"MANOEL_RUEDI_82_xor41e","https://res.cloudinary.com/dxlhv2mji/image/upload/v1738450671/MANOEL_RUEDI_82_xor41e.jpg","Manoel Ruedi,Birdwatching"
"MANOEL_RUEDI_122_liksbm","https://res.cloudinary.com/dxlhv2mji/image/upload/v1738450669/MANOEL_RUEDI_122_liksbm.jpg","Manoel Ruedi,Birdwatching"
"MANOEL_RUEDI_111_dwyxeo","https://res.cloudinary.com/dxlhv2mji/image/upload/v1738450667/MANOEL_RUEDI_111_dwyxeo.jpg","Manoel Ruedi,Birdwatching"
"MANOEL_RUEDI_78_stjyug","https://res.cloudinary.com/dxlhv2mji/image/upload/v1738450661/MANOEL_RUEDI_78_stjyug.jpg","Manoel Ruedi,Birdwatching"
"MANOEL_RUEDI_71_e2kbfn","https://res.cloudinary.com/dxlhv2mji/image/upload/v1738450546/MANOEL_RUEDI_71_e2kbfn.jpg","Manoel Ruedi,Birdwatching"
"MANOEL_RUEDI_121_pvdynq","https://res.cloudinary.com/dxlhv2mji/image/upload/v1738450390/MANOEL_RUEDI_121_pvdynq.jpg","Manoel Ruedi,Birdwatching"
"MANOEL_RUEDI_120_i9dmov","https://res.cloudinary.com/dxlhv2mji/image/upload/v1738450297/MANOEL_RUEDI_120_i9dmov.jpg","Manoel Ruedi,Birdwatching"
"Fotos_JJ_5_kahopb","https://res.cloudinary.com/dxlhv2mji/image/upload/v1738450286/Fotos_JJ_5_kahopb.jpg","Birdwatching"
"Fotos_JJ_4_vmxd5e","https://res.cloudinary.com/dxlhv2mji/image/upload/v1738450285/Fotos_JJ_4_vmxd5e.jpg","Birdwatching"
"Fotos_JJ_3_nkftek","https://res.cloudinary.com/dxlhv2mji/image/upload/v1738450281/Fotos_JJ_3_nkftek.jpg","Birdwatching"
"choca_dagua_-_JHONATA_ARAUJO_7_q86nhg","https://res.cloudinary.com/dxlhv2mji/image/upload/v1738450280/choca_dagua_-_JHONATA_ARAUJO_7_q86nhg.jpg","Birdwatching,Jhonata Araujo"
"MARACANA_DO_BURITI-_JHONATA_ARAUJO_10_ur2fgl","https://res.cloudinary.com/dxlhv2mji/image/upload/v1738450277/MARACANA_DO_BURITI-_JHONATA_ARAUJO_10_ur2fgl.jpg","Birdwatching,Jhonata Araujo"
"MANOEL_RUEDI_87_ft5hwu","https://res.cloudinary.com/dxlhv2mji/image/upload/v1738450273/MANOEL_RUEDI_87_ft5hwu.jpg","Manoel Ruedi,Birdwatching"
"MANOEL_RUEDI_84_hh2jwj","https://res.cloudinary.com/dxlhv2mji/image/upload/v1738450272/MANOEL_RUEDI_84_hh2jwj.jpg","Manoel Ruedi,Birdwatching"
"MANOEL_RUEDI_70_ierwkw","https://res.cloudinary.com/dxlhv2mji/image/upload/v1738450271/MANOEL_RUEDI_70_ierwkw.jpg","Manoel Ruedi,Birdwatching"
"MANOEL_RUEDI_52_wuywyv","https://res.cloudinary.com/dxlhv2mji/image/upload/v1738450269/MANOEL_RUEDI_52_wuywyv.jpg","Manoel Ruedi,Birdwatching"
"MANOEL_RUEDI_15_efedvg","https://res.cloudinary.com/dxlhv2mji/image/upload/v1738450268/MANOEL_RUEDI_15_efedvg.jpg","Manoel Ruedi,Birdwatching"
"JHONATA_JR_9_djd00c","https://res.cloudinary.com/dxlhv2mji/image/upload/v1738450267/JHONATA_JR_9_djd00c.jpg","Birdwatching,Jhonata Araujo"
"JHONATA_JR_8_tdl8ww","https://res.cloudinary.com/dxlhv2mji/image/upload/v1738450256/JHONATA_JR_8_tdl8ww.jpg","Birdwatching,Jhonata Araujo"
"JHONATA_JR_7_ech9ya","https://res.cloudinary.com/dxlhv2mji/image/upload/v1738450253/JHONATA_JR_7_ech9ya.jpg","Birdwatching,Jhonata Araujo"
"JHONATA_ARAUJO_-_UDU_DE_COROA_AZUL_4_smatkv","https://res.cloudinary.com/dxlhv2mji/image/upload/v1738450252/JHONATA_ARAUJO_-_UDU_DE_COROA_AZUL_4_smatkv.jpg","Birdwatching,Jhonata Araujo"
"JHONATA_ARAUJO_5_tvmqby","https://res.cloudinary.com/dxlhv2mji/image/upload/v1738450250/JHONATA_ARAUJO_5_tvmqby.jpg","Birdwatching,Jhonata Araujo"
"JHONATA_ARAUJO_-_PICA-PAU_ANAO_DOURADO_3_ecrgqf","https://res.cloudinary.com/dxlhv2mji/image/upload/v1738450249/JHONATA_ARAUJO_-_PICA-PAU_ANAO_DOURADO_3_ecrgqf.jpg","Birdwatching,Jhonata Araujo"
"fotos_VINCENT_KURT_6_jvzysx","https://res.cloudinary.com/dxlhv2mji/image/upload/v1738450248/fotos_VINCENT_KURT_6_jvzysx.jpg","Birdwatching,Vincent Kurt Lo"
"Cópia_de_HAROLDO_PALO_JR_5_hazok9","https://res.cloudinary.com/dxlhv2mji/image/upload/v1738450247/C%C3%B3pia_de_HAROLDO_PALO_JR_5_hazok9.jpg","Birdwatching,Haroldo Palo Jr."
"bico_de_prata_-_pipira_vermelha_HAROLDO_PALO_JR_2_aeio1z","https://res.cloudinary.com/dxlhv2mji/image/upload/v1738450245/bico_de_prata_-_pipira_vermelha_HAROLDO_PALO_JR_2_aeio1z.jpg","Birdwatching,Haroldo Palo Jr."
"beija_flor_tesoura_verde_JHONATA_ARAUJO_2_xk7oou","https://res.cloudinary.com/dxlhv2mji/image/upload/v1738450244/beija_flor_tesoura_verde_JHONATA_ARAUJO_2_xk7oou.jpg","Birdwatching,Jhonata Araujo"
"tie_bicudo_jh_hfnk4c","https://res.cloudinary.com/dxlhv2mji/image/upload/v1738450243/tie_bicudo_jh_hfnk4c.jpg","Birdwatching,Jhonata Araujo"
"hypoedaleus guttatus_ilemhy","https://res.cloudinary.com/dxlhv2mji/image/upload/v1738450241/hypoedaleus%20guttatus_ilemhy.jpg","Birdwatching"
"Vincent_Kurt_lo_2_1_lszb1c","https://res.cloudinary.com/dxlhv2mji/image/upload/v1738450240/Vincent_Kurt_lo_2_1_lszb1c.jpg","Birdwatching,Vincent Kurt Lo"
"saira_de_cabeça_azul_-Vincent_Kurt_lo_1_z5hik4","https://res.cloudinary.com/dxlhv2mji/image/upload/v1738450239/saira_de_cabe%C3%A7a_azul_-Vincent_Kurt_lo_1_z5hik4.jpg","Birdwatching,Vincent Kurt Lo"
"Sai_andorinha_VINCENT_KURT_5_nz36qm","https://res.cloudinary.com/dxlhv2mji/image/upload/v1738450237/Sai_andorinha_VINCENT_KURT_5_nz36qm.jpg","Birdwatching,Vincent Kurt Lo"
"martin_pescador_miudo_-_JHONATA_ARAUJO_-_6_gwslgv","https://res.cloudinary.com/dxlhv2mji/image/upload/v1738450236/martin_pescador_miudo_-_JHONATA_ARAUJO_-_6_gwslgv.jpg","Birdwatching,Jhonata Araujo"
"MANOEL_RUEDI_124_whua95","https://res.cloudinary.com/dxlhv2mji/image/upload/v1738450235/MANOEL_RUEDI_124_whua95.jpg","Manoel Ruedi,Birdwatching"
"MANOEL_RUEDI_118_wjwtlw","https://res.cloudinary.com/dxlhv2mji/image/upload/v1738450234/MANOEL_RUEDI_118_wjwtlw.jpg","Manoel Ruedi,Birdwatching"
"MANOEL_RUEDI_98_zxegpb","https://res.cloudinary.com/dxlhv2mji/image/upload/v1738450233/MANOEL_RUEDI_98_zxegpb.jpg","Manoel Ruedi,Birdwatching"
"MANOEL_RUEDI_97_k0ryqm","https://res.cloudinary.com/dxlhv2mji/image/upload/v1738450232/MANOEL_RUEDI_97_k0ryqm.jpg","Manoel Ruedi,Birdwatching"
"MANOEL_RUEDI_94_ba2pto","https://res.cloudinary.com/dxlhv2mji/image/upload/v1738450232/MANOEL_RUEDI_94_ba2pto.jpg","Manoel Ruedi,Birdwatching"
"umbrella_bird_goycom","https://res.cloudinary.com/dxlhv2mji/image/upload/v1738446086/umbrella_bird_goycom.jpg","Birdwatching"
"xrlenerulep6ismgn8yx","https://res.cloudinary.com/dxlhv2mji/image/upload/v1738425316/amazon-lodge/images/area-externa/xrlenerulep6ismgn8yx.jpg","Piscina"
"trilhas-hero_qjfilt","https://res.cloudinary.com/dxlhv2mji/image/upload/v1737919751/trilhas-hero_qjfilt.png","Trilhas,Joao Marcos Rosa"
"mata-6_jeycpm","https://res.cloudinary.com/dxlhv2mji/image/upload/v1736121165/mata-6_jeycpm.jpg","Casa da Mata,Banheiro"
"mata-hero_lfg1g8","https://res.cloudinary.com/dxlhv2mji/image/upload/v1736121161/mata-hero_lfg1g8.jpg","Casa da Mata,Quarto"
"mata-5_prf7pi","https://res.cloudinary.com/dxlhv2mji/image/upload/v1736121161/mata-5_prf7pi.jpg","Casa da Mata,Quarto"
"mata-2_sdizvm","https://res.cloudinary.com/dxlhv2mji/image/upload/v1736121160/mata-2_sdizvm.jpg","Casa da Mata,Quarto"
"mata-4_dlcx9i","https://res.cloudinary.com/dxlhv2mji/image/upload/v1736121158/mata-4_dlcx9i.jpg","Casa da Mata,Quarto"
"mata-1_pbggfy","https://res.cloudinary.com/dxlhv2mji/image/upload/v1736121157/mata-1_pbggfy.jpg","Casa da Mata"
"mata-3_jzdaaz","https://res.cloudinary.com/dxlhv2mji/image/upload/v1736121157/mata-3_jzdaaz.jpg","Casa da Mata"
"6fazenda-4_ncigri","https://res.cloudinary.com/dxlhv2mji/image/upload/v1736120868/6fazenda-4_ncigri.jpg","Casa Fazenda,Decor"
"7fazenda-3_gnrzph","https://res.cloudinary.com/dxlhv2mji/image/upload/v1736120867/7fazenda-3_gnrzph.jpg","Casa Fazenda"
"7fazenda-1_ceheai","https://res.cloudinary.com/dxlhv2mji/image/upload/v1736120866/7fazenda-1_ceheai.jpg","Casa Fazenda,Cama"
"7fazenda-2_rmxj02","https://res.cloudinary.com/dxlhv2mji/image/upload/v1736120864/7fazenda-2_rmxj02.jpg","Casa Fazenda,Cama"
"6fazenda-5_jjgbpg","https://res.cloudinary.com/dxlhv2mji/image/upload/v1736120864/6fazenda-5_jjgbpg.jpg","Casa Fazenda,Decor"
"6fazenda-1_oxbxca","https://res.cloudinary.com/dxlhv2mji/image/upload/v1736120863/6fazenda-1_oxbxca.jpg","Casa Fazenda,Cama"
"6fazenda-2_uumffp","https://res.cloudinary.com/dxlhv2mji/image/upload/v1736120863/6fazenda-2_uumffp.jpg","Casa Fazenda,Cama"
"7fazenda-4_tcprqe","https://res.cloudinary.com/dxlhv2mji/image/upload/v1736120863/7fazenda-4_tcprqe.jpg","Casa Fazenda"
"6fazenda-3_dhnwre","https://res.cloudinary.com/dxlhv2mji/image/upload/v1736120862/6fazenda-3_dhnwre.jpg","Casa Fazenda"
"5fazenda-3_vhejif","https://res.cloudinary.com/dxlhv2mji/image/upload/v1736119728/5fazenda-3_vhejif.jpg","Casa Fazenda,Decor"
"5fazenda-4_rdubmo","https://res.cloudinary.com/dxlhv2mji/image/upload/v1736119727/5fazenda-4_rdubmo.jpg","Casa Fazenda,Cama"
"5fazenda-5_jpx0xg","https://res.cloudinary.com/dxlhv2mji/image/upload/v1736119726/5fazenda-5_jpx0xg.jpg","Casa Fazenda,Decor"
"5fazenda-2_olpvv7","https://res.cloudinary.com/dxlhv2mji/image/upload/v1736119726/5fazenda-2_olpvv7.jpg","Casa Fazenda,Decor"
"5fazenda-1_wguam6","https://res.cloudinary.com/dxlhv2mji/image/upload/v1736119726/5fazenda-1_wguam6.jpg","Casa Fazenda,Cama"
"jardim-6_jvgxqs","https://res.cloudinary.com/dxlhv2mji/image/upload/v1736119365/jardim-6_jvgxqs.jpg","Bangalo Jardim"
"jardim-hero_wi8rlu","https://res.cloudinary.com/dxlhv2mji/image/upload/v1736119365/jardim-hero_wi8rlu.jpg","Bangalo Jardim,Cama"
"jardim-5_wukn6z","https://res.cloudinary.com/dxlhv2mji/image/upload/v1736119364/jardim-5_wukn6z.jpg","Bangalo Jardim"
"jardim-4_ky0akd","https://res.cloudinary.com/dxlhv2mji/image/upload/v1736119363/jardim-4_ky0akd.jpg","Bangalo Jardim,Cama"
"jardim-3_p58x8k","https://res.cloudinary.com/dxlhv2mji/image/upload/v1736119362/jardim-3_p58x8k.jpg","Bangalo Jardim,Decor"
"jardim-1_m4axtr","https://res.cloudinary.com/dxlhv2mji/image/upload/v1736119362/jardim-1_m4axtr.jpg","Bangalo Jardim,Vista Exterior"
"jardim-2_ukfgpv","https://res.cloudinary.com/dxlhv2mji/image/upload/v1736119362/jardim-2_ukfgpv.jpg","Bangalo Jardim,Decor"
"familia-5_qtabos","https://res.cloudinary.com/dxlhv2mji/image/upload/v1736118854/familia-5_qtabos.jpg","Bangalo Familia,Decor"
"familia-4_ubeuml","https://res.cloudinary.com/dxlhv2mji/image/upload/v1736118852/familia-4_ubeuml.jpg","Bangalo Familia,Cama"
"familia-hero_tjgrgj","https://res.cloudinary.com/dxlhv2mji/image/upload/v1736118852/familia-hero_tjgrgj.jpg","Bangalo Familia,Cama"
"familia-6_e1wlfl","https://res.cloudinary.com/dxlhv2mji/image/upload/v1736118850/familia-6_e1wlfl.jpg","Bangalo Familia,Cama"
"familia-2_u3gvx4","https://res.cloudinary.com/dxlhv2mji/image/upload/v1736118845/familia-2_u3gvx4.jpg","Bangalo Familia,Cama"
"familia-3_iytw3g","https://res.cloudinary.com/dxlhv2mji/image/upload/v1736118845/familia-3_iytw3g.jpg","Bangalo Familia,Banheiro"
"familia-1_vdrp6r","https://res.cloudinary.com/dxlhv2mji/image/upload/v1736118845/familia-1_vdrp6r.jpg","Bangalo Familia"
"area-externa_ml9enj","https://res.cloudinary.com/dxlhv2mji/image/upload/v1736092424/area-externa_ml9enj.jpg","Espaco Convivencia"
"primates_vklwye","https://res.cloudinary.com/dxlhv2mji/image/upload/v1736085802/primates_vklwye.jpg","Primatas"
"birdwatching_yywf16","https://res.cloudinary.com/dxlhv2mji/image/upload/v1736085800/birdwatching_yywf16.jpg","Birdwatching"
"primates-hero_lodpmk","https://res.cloudinary.com/dxlhv2mji/image/upload/v1736085793/primates-hero_lodpmk.jpg","Primatas"
"safari-rio-claro_rdbh6e","https://res.cloudinary.com/dxlhv2mji/image/upload/v1736085789/safari-rio-claro_rdbh6e.jpg","Safari Boat,Kiko Silva"
"gatronomia-hero_kqnp26","https://res.cloudinary.com/dxlhv2mji/image/upload/v1736085785/gatronomia-hero_kqnp26.jpg","Gastronomia"
"ocasioes-especiais_h44ve8","https://res.cloudinary.com/dxlhv2mji/image/upload/v1736085783/ocasioes-especiais_h44ve8.jpg","Gastronomia"
"safari-boat_rvnwku","https://res.cloudinary.com/dxlhv2mji/image/upload/v1736085781/safari-boat_rvnwku.jpg","Safari Boat"
"kiko_a7tmas","https://res.cloudinary.com/dxlhv2mji/image/upload/v1736085779/kiko_a7tmas.jpg","Jardim e Lagoas"
"pratos-tipicos_f4meuw","https://res.cloudinary.com/dxlhv2mji/image/upload/v1736085776/pratos-tipicos_f4meuw.png","Gastronomia,Pratos Principais"
"birdwatching_roqgxe","https://res.cloudinary.com/dxlhv2mji/image/upload/v1736085772/birdwatching_roqgxe.jpg","Birdwatching"
"piscina_knlf8d","https://res.cloudinary.com/dxlhv2mji/image/upload/v1736085772/piscina_knlf8d.jpg","Piscina"
"birds_wtstwh","https://res.cloudinary.com/dxlhv2mji/image/upload/v1736085771/birds_wtstwh.jpg","Birdwatching"
"sobremesas-especiais_osgafx","https://res.cloudinary.com/dxlhv2mji/image/upload/v1736085770/sobremesas-especiais_osgafx.png","Gastronomia,Sobremesas"
"acomodacoes_ghqhpo","https://res.cloudinary.com/dxlhv2mji/image/upload/v1736085769/acomodacoes_ghqhpo.png",""
"pratos-casa_kzicyc","https://res.cloudinary.com/dxlhv2mji/image/upload/v1736085768/pratos-casa_kzicyc.png","Gastronomia,Pratos Principais"
"prato-especial-do-chef_w8ep8h","https://res.cloudinary.com/dxlhv2mji/image/upload/v1736085763/prato-especial-do-chef_w8ep8h.png","Gastronomia,Pratos Principais"
"especiarias-regionais_vutp3x","https://res.cloudinary.com/dxlhv2mji/image/upload/v1736085761/especiarias-regionais_vutp3x.png","Gastronomia,Pratos Principais"
"fogo-no-rio_u7cpws","https://res.cloudinary.com/dxlhv2mji/image/upload/v1736085760/fogo-no-rio_u7cpws.jpg","Safari Boat"
"chef-jose-sergio_t9kpgf","https://res.cloudinary.com/dxlhv2mji/image/upload/v1736085757/chef-jose-sergio_t9kpgf.png","Gastronomia,Chef"
"cafe-da-manha_frcj7z","https://res.cloudinary.com/dxlhv2mji/image/upload/v1736085756/cafe-da-manha_frcj7z.png","Gastronomia,Cafe da Manha"
"cafe-da-manha_ivpcds","https://res.cloudinary.com/dxlhv2mji/image/upload/v1736085755/cafe-da-manha_ivpcds.jpg","Gastronomia,Cafe da Manha"
"familia-fogueira_xch5l3","https://res.cloudinary.com/dxlhv2mji/image/upload/v1736085753/familia-fogueira_xch5l3.jpg",""
"lagoa_uaetsf","https://res.cloudinary.com/dxlhv2mji/image/upload/v1736085748/lagoa_uaetsf.jpg","Jardim e Lagoas"
"almoco_w6ysc9","https://res.cloudinary.com/dxlhv2mji/image/upload/v1736085748/almoco_w6ysc9.png","Gastronomia,Pratos Principais"
"camalote-pagina3_af3v7z","https://res.cloudinary.com/dxlhv2mji/image/upload/v1736085740/camalote-pagina3_af3v7z.jpg","Press,Media"
"wonderlust-2_wn6zao","https://res.cloudinary.com/dxlhv2mji/image/upload/v1736085728/wonderlust-2_wn6zao.jpg","Press,Media"
"wonderlust_alvd9p","https://res.cloudinary.com/dxlhv2mji/image/upload/v1736085727/wonderlust_alvd9p.jpg","Press,Media"
"camalote-pagina2_ep900h","https://res.cloudinary.com/dxlhv2mji/image/upload/v1736085725/camalote-pagina2_ep900h.jpg","Press,Media"
"wonderlust-1_cnm4vl","https://res.cloudinary.com/dxlhv2mji/image/upload/v1736085722/wonderlust-1_cnm4vl.jpg","Press,Media"
"camalote-pagina1_dz0ek4","https://res.cloudinary.com/dxlhv2mji/image/upload/v1736085720/camalote-pagina1_dz0ek4.jpg","Press,Media"
"team-building_ucasc2","https://res.cloudinary.com/dxlhv2mji/image/upload/v1736085716/team-building_ucasc2.png","Gastronomia"
"camalote-capa_xaeyct","https://res.cloudinary.com/dxlhv2mji/image/upload/v1736085712/camalote-capa_xaeyct.jpg","Press,Media"
"reuniao-executiva_ouxhas","https://res.cloudinary.com/dxlhv2mji/image/upload/v1736085711/reuniao-executiva_ouxhas.png","Espaco Convivencia"
"eventos-especiais_wkym1o","https://res.cloudinary.com/dxlhv2mji/image/upload/v1736085709/eventos-especiais_wkym1o.jpg","Gastronomia"
"macaco-aranha_b3z78a","https://res.cloudinary.com/dxlhv2mji/image/upload/v1736085706/macaco-aranha_b3z78a.jpg","Primatas"
"curica_enlrcd","https://res.cloudinary.com/dxlhv2mji/image/upload/v1736085702/curica_enlrcd.jpg","Birdwatching"
"almor-carmelita_tx0knl","https://res.cloudinary.com/dxlhv2mji/image/upload/v1736085697/almor-carmelita_tx0knl.jpg","familia"
"trilhas_pafxet","https://res.cloudinary.com/dxlhv2mji/image/upload/v1736085696/trilhas_pafxet.jpg","Trilhas"
"tie-bicudo_wblb9s","https://res.cloudinary.com/dxlhv2mji/image/upload/v1736085691/tie-bicudo_wblb9s.jpg","Birdwatching"
"zogue-zogue_eqbdel","https://res.cloudinary.com/dxlhv2mji/image/upload/v1736085691/zogue-zogue_eqbdel.jpg","Primatas"
"pirarucu_nwglqt","https://res.cloudinary.com/dxlhv2mji/image/upload/v1736085685/pirarucu_nwglqt.png","Safari Boat"
"convivencia_p3tve7","https://res.cloudinary.com/dxlhv2mji/image/upload/v1736085682/convivencia_p3tve7.jpg","Espaco Convivencia"
"parauacu_udmaqc","https://res.cloudinary.com/dxlhv2mji/image/upload/v1736085680/parauacu_udmaqc.jpg","Primatas"
"mutum_iwmptx","https://res.cloudinary.com/dxlhv2mji/image/upload/v1738447044/mutum_iwmptx.png","Birdwatching"
"sucuri_a6v6wa","https://res.cloudinary.com/dxlhv2mji/image/upload/v1737918775/sucuri_a6v6wa.jpg","Safari Boat"
"pintado_tdk4hx","https://res.cloudinary.com/dxlhv2mji/image/upload/v1736085676/pintado_tdk4hx.jpg","Safari Boat"